<Profiles>
    <EventProvider Id="Microsoft.Windows.Security.NGC.KspSvc" Name="B66B577F-AE49-5CCF-D2D7-8EB96BFD440C" />
    <EventProvider Id="Microsoft.Windows.Security.NGC.CredProv" Name="CAC8D861-7B16-5B6B-5FC0-85014776BDAC" />
    <EventProvider Id="Microsoft.Windows.Security.NGC.CryptNgc" Name="6D7051A0-9C83-5E52-CF8F-0ECAF5D5F6FD" />
    <EventProvider Id="Microsoft.Windows.Security.NGC.NgcCtnr" Name="0ABA6892-455B-551D-7DA8-3A8F85225E1A" />
    <EventProvider Id="Microsoft.Windows.Security.NGC.NgcCtnrSvc" Name="9DF6A82D-5174-5EBF-842A-39947C48BF2A" />
    <EventProvider Id="Microsoft.Windows.Security.NGC.KeyStaging" Name="9B223F67-67A1-5B53-9126-4593FE81DF25" />
    <EventProvider Id="Microsoft.Windows.Security.NGC.CSP" Name="89F392FF-EE7C-56A3-3F61-2D5B31A36935" />
    <EventProvider Id="Microsoft.Windows.Security.NGC.LocalAccountMigPlugin" Name="CDD94AC7-CD2F-5189-E126-2DEB1B2FACBF" />
    <EventProvider Id="Microsoft.Windows.Security.NGC.DeviceLockHelpers" Name="2056054C-97A6-5AE4-B181-38BC6B58007E" />
    <EventProvider Id="Microsoft.Windows.Security.CryptoWinRT" Name="786396CD-2FF3-53D3-D1CA-43E41D9FB73B" />
    <EventProvider Id="NgcWppControl" Name="1D6540CE-A81B-4E74-AD35-EEF8463F97F5" />
    <EventProvider Id="TpmWppControl" Name="3A8D6942-B034-48E2-B314-F69C2B4655A3" />
    <EventProvider Id="WBioSrvcControlGuid" Name="34BEC984-F11F-4F1F-BB9B-3BA33C8D0132" />
    <EventProvider Id="Microsoft.Windows.Security.Biometrics.FingerprintCredential" Name="225B3FED-0356-59D1-1F82-EED163299FA8" />
    <EventProvider Id="Microsoft.Windows.Security.Biometrics.BioCredProv" Name="9DADD79B-D556-53F2-67C4-129FA62B7512" />
    <EventProvider Id="Microsoft.Windows.Security.Biometrics.Client" Name="1B5106B1-7622-4740-AD81-D9C6EE74F124" />
    <EventProvider Id="Microsoft.Windows.Security.Biometrics.CredentialProvider.Face" Name="1D480C11-3870-4B19-9144-47A53CD973BD" />
    <EventProvider Id="Microsoft.Windows.Security.Biometrics.Service" Name="39A5AA08-031D-4777-A32D-ED386BF03470" />
    <EventProvider Id="Microsoft-Windows-Shell-CloudExperienceHost" Name="D0034F5E-3686-5A74-DC48-5A22DD4F3D5B" />
    <EventProvider Id="LsaDsControl" Name="169EC169-5B77-4A3E-9DB6-441799D5CACB" />
    <EventProvider Id="LsaTraceControl" Name="D0B639E0-E650-4D1D-8F39-1580ADE72784" >
        <Keywords>
            <Keyword Value="0x40141F" />
        </Keywords>
    </EventProvider>
    <EventProvider Id="NtLmGlobalDebugTrace" Name="5BBB6C18-AA45-49B1-A15F-085F7ED0AA90" >
        <Keywords>
            <Keyword Value="0x15003" />
        </Keywords>
    </EventProvider>
    <EventProvider Id="KerbGlobalDebugTrace" Name="6B510852-3583-4E2D-AFFE-A67F9F223438" >
        <Keywords>
            <Keyword Value="0x201203" />
        </Keywords>
    </EventProvider>
    <EventProvider Id="SCEP" Name="D5A5B540-C580-4DEE-8BB4-185E34AA00C5" />
    <EventProvider Id="Microsoft.Windows.Security.Credentials.UserConsentVerifier" Name="507C53AE-AF42-5938-AEDE-4A9D908640ED" />
</Profiles>
