<Profiles>
    <EventProvider Id="Microsoft-Windows-WinINet" Name="43D1A55C-76D6-4F7E-995C-64C711E5CAFE" Level="5" />
    <EventProvider Id="Microsoft-Windows-WebIO" Name="50B3E73C-9370-461D-BB9F-26F32D68887D" Level="5" />
    <EventProvider Id="Microsoft-Windows-WinHttp" Name="7D44233D-3055-4B9C-BA64-0D47CA40A232" Level="5" />
    <EventProvider Id="Microsoft-Windows-BranchCacheEventProvider" Name="DD85457F-4E2D-44A5-A7A7-6253362E34DC" Level="5" />
    <EventProvider Id="Microsoft-Windows-BranchCacheClientEventProvider" Name="E837619C-A2A8-4689-833F-47B48EBD2442" Level="5" />
    <EventProvider Id="Microsoft-Windows-DNS-Client" Name="1C95126E-7EEA-49A9-A3FE-A378B03DDB4D" Level="5" />
    <EventProvider Id="Microsoft-Windows-Winsock-NameResolution" Name="55404E71-4DB9-4DEB-A5F5-8F86E46DDE56" Level="5" />
    <EventProvider Id="Microsoft-Windows-Dhcp-Client" Name="15A7A4F8-0072-4EAB-ABAD-F98A4D666AED" Level="4" />
    <EventProvider Id="Microsoft-Windows-DHCPv6-Client" Name="6A1F2B00-6A90-4C38-95A5-5CAB3B056778" Level="4" />
    <EventProvider Id="Microsoft-Windows-Iphlpsvc-Trace" Name="6600E712-C3B6-44A2-8A48-935C511F28C8" Level="4" />
    <EventProvider Id="Microsoft-Windows-NCSI" Name="314DE49F-CE63-4779-BA2B-D616F6963A88" Level="4" />
    <EventProvider Id="Microsoft-Windows-NlaSvc" Name="63B530F8-29C9-4880-A5B4-B8179096E7B8" Level="4" />
    <EventProvider Id="Microsoft-Windows-NetworkProfile" Name="FBCFAC3F-8459-419F-8E48-1F0B49CDB85E" Level="4" />
    <EventProvider Id="Microsoft-Windows-NWiFi" Name="0BD3506A-9030-4F76-9B88-3E8FE1F7CFB6" Level="4" />
    <EventProvider Id="Microsoft-Windows-VWiFi" Name="314B2B0D-81EE-4474-B6E0-C2AAEC0DDBDE" Level="5" />
    <EventProvider Id="Microsoft-Windows-L2NACP" Name="85FE7609-FF4A-48E9-9D50-12918E43E1DA" Level="4" />
    <EventProvider Id="Microsoft-Windows-WLAN-AutoConfig" Name="9580D7DD-0379-4658-9870-D5BE7D52D6DE" Level="4" />
    <EventProvider Id="Microsoft-Windows-EapHost" Name="6EB8DB94-FE96-443F-A366-5FE0CEE7FB1C" Level="4" />
    <EventProvider Id="Microsoft-Windows-OneX" Name="AB0D8EF9-866D-4D39-B83F-453F3B8F6325" Level="4" />
    <EventProvider Id="Microsoft-Windows-NDIS" Name="CDEAD503-17F5-4A3E-B7AE-DF8CC2902EB9" Level="4" />
    <EventProvider Id="Microsoft-Windows-Wired-AutoConfig" Name="B92CF7FD-DC10-4C6B-A72D-1613BF25E597" Level="4" />
    <EventProvider Id="Microsoft-Windows-Wmbclass" Name="12D25187-6C0D-4783-AD3A-84CAA135ACFD" Level="4" />
    <EventProvider Id="Microsoft-Windows-Mobile-Broadband-Experience-Parser-Task" Name="28E25B07-C47F-473D-8B24-2E171CCA808A" Level="4" />
    <EventProvider Id="Microsoft-Windows-Mobile-Broadband-Experience-Api-Internal" Name="2AABD03B-F48B-419A-B4CE-7A14403F4A46" Level="4" />
    <EventProvider Id="Microsoft-Windows-Mobile-Broadband-Experience-Api" Name="2E2BBB16-0C36-4B9B-A567-40924A199FD5" Level="4" />
    <EventProvider Id="Microsoft-Windows-WWAN-SVC-EVENTS" Name="3CB40AAA-1145-4FB8-B27B-7E30F0454316" Level="4" />
    <EventProvider Id="Microsoft-Windows-WWAN-CellUX-API" Name="767D1A28-B916-5B5E-9BEC-5456C827EDD5" Level="5" />
    <EventProvider Id="Microsoft-Windows-WWAN-UI-EVENTS" Name="78168022-ECA5-41E8-9E17-E8C7FD77AAE1" Level="4" />
    <EventProvider Id="Microsoft-Windows-WWAN-MM-EVENTS" Name="7839BB2A-2EA3-4ECA-A00F-B558BA678BEC" Level="4" />
    <EventProvider Id="Microsoft-Windows-UserPnp" Name="96F4A050-7E31-453C-88BE-9634F4E02139" Level="4" />
    <EventProvider Id="Microsoft-Windows-Wmbclass-Opn" Name="A42FE227-A7BF-4483-A502-6BCDA428CD96" Level="4" />
    <EventProvider Id="Microsoft-Windows-WWAN-NDISUIO-EVENTS" Name="B3EEE223-D0A9-40CD-ADFC-50F1888138AB" Level="4" />
    <EventProvider Id="Microsoft-Windows-WWAN-CellUX-UI" Name="F3D10D5A-8291-433D-9275-CDD0067A0022" Level="5" />
    <EventProvider Id="Microsoft-Windows-Mobile-Broadband-Experience-SmsRouter" Name="FA773482-F6ED-4895-8A7D-4F5850678E59" Level="4" />
    <EventProvider Id="Microsoft-Windows-DeviceSetupManager" Name="FCBB06BB-6A2A-46E3-ABAA-246CB4E508B2" Level="4" />
    <EventProvider Id="Microsoft-Windows-Winsock-AFD" Name="E53C6823-7BB8-44BB-90DC-3F86090D48A6" Level="4" />
    <EventProvider Id="Microsoft-Windows-TCPIP" Name="2F07E2EE-15DB-40F1-90EF-9D7BA282188A" Level="4" />
    <EventProvider Id="Microsoft-Windows-WFP" Name="0C478C5B-0351-41B1-8C58-4A6737DA32E3" Level="4" />
    <EventProvider Id="Microsoft-Windows-NetworkSecurity" Name="7B702970-90BC-4584-8B20-C0799086EE5A" Level="4" />
    <EventProvider Id="DNS_WPP" Name="609151DD-04F5-4DA7-974C-FC6947EAA323">
        <Keywords>
            <Keyword Value="0xC07F790000000000" />
        </Keywords>
    </EventProvider>
    <EventProvider Id="NLA_WPP" Name="1AC55562-D4FF-4BC5-8EF3-A18E07C4668E">
        <Keywords>
            <Keyword Value="0xFFFFFF7F00000000" />
        </Keywords>
    </EventProvider>
    <EventProvider Id="NLM_WPP" Name="D9131565-E1DD-4C9E-A728-951999C2ADB5">
        <Keywords>
            <Keyword Value="0xFFFFFF7F00000000" />
        </Keywords>
    </EventProvider>
    <EventProvider Id="NCSI_WPP" Name="014DE49F-CE63-4779-BA2B-D616F6963A87">
        <Keywords>
            <Keyword Value="0xFFFFFF7F00000000" />
        </Keywords>
    </EventProvider>
    <EventProvider Id="HotstopAuth_WPP" Name="BBA96718-7028-4A97-9120-C50BDB91458F">
        <Keywords>
            <Keyword Value="0xFFFFFF7F00000000" />
        </Keywords>
    </EventProvider>
    <EventProvider Id="NetworkStatus_WPP" Name="F35B308C-B304-41C9-A8CB-EE6087DA3801">
        <Keywords>
            <Keyword Value="0xFFFFFF7F00000000" />
        </Keywords>
    </EventProvider>
    <EventProvider Id="Netman_WPP" Name="A111CDC2-81B0-480a-80C8-BBABE221CAFE">
        <Keywords>
            <Keyword Value="0xFFFFFF7F00000000" />
        </Keywords>
    </EventProvider>
    <EventProvider Id="Windows_Networking_Connectivity_WinRT_WPP" Name="2ACF2633-ED1B-41FD-A17E-9F98719CDB36">
        <Keywords>
            <Keyword Value="0xFFFFFF7F00000000" />
        </Keywords>
    </EventProvider>
</Profiles>
