<Profiles>
    <EventProvider Id="Microsoft.Windows.Security.EFS.EfsCore" Name="82B5AD62-B453-481A-B838-CA1EEAE6E472" />
    <EventProvider Id="Microsoft.Windows.Security.EFS.EfsLib" Name="7A688F0E-F39B-4A7A-BBBB-066E2C1FCB04" />
    <EventProvider Id="Microsoft.Windows.Security.EFS" Name="4E04241F-30F8-5111-A04E-DF3C9C867433" />
    <EventProvider Id="Microsoft-Windows-Security-EnterpriseData-FileRevocationManager" Name="2CD58181-0BB6-463E-828A-056FF837F966" />
    <EventProvider Id="Microsoft-Windows-EFS" Name="3663A992-84BE-40EA-BBA9-90C7ED544222" />
    <EventProvider Id="Microsoft-Windows-EFSTriggerProvider" Name="6863E644-DD5D-43A2-A8B5-7A81B46672E6" />
    <EventProvider Id="Microsoft.Windows.Security.EFS.EfsWrt" Name="318BBC33-CDFD-42C0-B5E5-57ED92E8935F" />
    <EventProvider Id="EFSWRT_WPP" Name="C755EF4D-DE1C-4E7D-A10D-B8D1E26F5035" />
</Profiles>
