<Profiles>
    <!-- MDM Logs. Adapted from \\ntwdata\eco\eem\MDMSelfhost\MdmLog.cmd -->
    <EventProvider Id="CertificateStore" Name="536D7120-A8A4-4A5F-B1F8-1735DF9B78D0" />
    <EventProvider Id="ConfigManager2" Name="0BA3FB88-9AF5-4D80-B3B3-A94AC136B6C5" />
    <EventProvider Id="ConfigManager2HookGuid" Name="76FA08A3-6807-48DB-855D-2C12702630EF" />
    <EventProvider Id="DMAccXperfGuid" Name="E1A8D70D-11F0-420E-A170-29C6B686342D" />
    <EventProvider Id="DMCmnUtils" Name="0A8E17FD-ED19-4C54-A1E7-5A2829BF507F" />
    <EventProvider Id="DMSvc" Name="8CC7D9C9-09AF-45CA-86CE-4CECF680F2B7" />
    <EventProvider Id="DevInfoCSP" Name="FE5A93CC-0B38-424A-83B0-3C3FE2ACB8C9" />
    <EventProvider Id="DeviceManagementSettings" Name="a8fd7a5b-4323-4172-b85b-f5b78c3c0f9c" />
    <EventProvider Id="EDPCleanupTraceLoggingProvider" Name="e42598b4-b399-41cd-a67c-a6b1b6007e07" />
    <EventProvider Id="OmacpClient" Name="FF036693-0480-41DD-AC12-ED3C6A936A5F" />
    <EventProvider Id="OmadmClient" Name="0EC685CD-64E4-4375-92AD-4086B6AF5F1D" />
    <EventProvider Id="OmadmPrc" Name="797C5746-634F-4C59-8AE9-93F900670DCC" />
    <EventProvider Id="PolicyManagerXperfGuid" Name="FFDB0CFD-833C-4F16-AD3F-EC4BE3CC1AF5" />
    <EventProvider Id="PushRouterAuth" Name="455FEFE7-5B3D-485A-BCBB-D0F09A47D1AE" />
    <EventProvider Id="PushRouterCore" Name="0E316AA7-3B31-4D58-9B8B-10B3B2C0F2ED" />
    <EventProvider Id="PushRouterProxy" Name="83AFAF72-DF00-4584-8F4C-ADED166F72B1" />
    <EventProvider Id="ResourceMgr" Name="6B865228-DEFA-455A-9E25-27D71E8FE5FA" />
    <EventProvider Id="SCEP" Name="D5A5B540-C580-4DEE-8BB4-185E34AA00C5" />
    <EventProvider Id="SampledEnrollmentProvider" Name="e74efd1a-b62d-4b83-ab00-66f4a166a2d3" />
    <EventProvider Id="SecurityPolicyCSP" Name="F058515F-DBB8-4C0D-9E21-A6BC2C422EAB" />
    <EventProvider Id="Tracelog_AAD" Name="4DE9BC9C-B27A-43C9-8994-0915F1A5E24F" />
    <EventProvider Id="Tracelog_CertStore" Name="EBFE7216-281A-4601-875F-17D1CABED9E0" />
    <EventProvider Id="Tracelog_ConfigManager2" Name="2F94E1CC-A8C5-4FE7-A1C3-53D7BDA8E73E" />
    <EventProvider Id="Tracelog_Diagnostics" Name="3DA494E4-0FE2-415C-B895-FB5265C5C83B" />
    <EventProvider Id="Tracelog_Enrollment" Name="9FBF7B95-0697-4935-ADA2-887BE9DF12BC" />
    <EventProvider Id="Tracelog_DMClientCsp-Provider" Name="DE8FD7AD-1891-4B17-83B3-B3F915437044" />
    <EventProvider Id="Tracelog_NodeCache" Name="79ECB2AE-3F73-4D6E-8717-CAC7804A1A61" />
    <EventProvider Id="Tracelog_OMA-DM" Name="3B9602FF-E09B-4C6C-BC19-1A3DFA8F2250" />
    <EventProvider Id="Tracelog_OMA-DM_API" Name="7D85C2D0-6490-4BB4-BAC1-247D0BD06F10" />
    <EventProvider Id="Tracelog_OMA-DM_PRC" Name="07F947BF-6018-49b5-82E2-DE966C7BE483" />
    <EventProvider Id="Tracelog_PolicyManager" Name="BA45E8D6-BA5B-42AE-B74F-5472C24A5F0B" />
    <EventProvider Id="Tracelog_SCEP" Name="3D24D8C1-2F25-4A6D-A8FE-9D08ED3A2FFB" />
    <EventProvider Id="Tracelog_WinsockSecProvider" Name="EB2A9FCD-1CD6-41E4-BBD6-3B2430CEE816" />
    <EventProvider Id="UnenrollHook" Name="6222F3F1-237E-4B0F-8D12-C20072D42197" />
    <EventProvider Id="UnsampledEnrollmentProvider" Name="F9E3B648-9AF1-4DC3-9A8E-BF42C0FBCE9A" />
    <EventProvider Id="W7NodeProcessor" Name="33466AA0-09A2-4C47-9B7B-1B8A4DC3A9C9" />
    <EventProvider Id="WMIBridge" Name="A76DBA2C-9683-4BA7-8FE4-C82601E117BB" />
    <EventProvider Id="WMICSP" Name="C37BB754-DC5C-45AD-9D00-A42CFCF137A8" />
    <EventProvider Id="WapXperfGuid" Name="18F2AB69-92B9-47E4-B9DB-B4AC2E4C7115" />
    <EventProvider Id="Microsoft.Windows.Shell.CloudDomainJoin.Client" Name="AA02D1A4-72D8-5F50-D425-7402EA09253A" />
    <EventProvider Id="MdmAgentTrace" Name="EF614386-F019-4323-85A1-D6EBAF9CDE12" />
    <EventProvider Id="Tracelog_Wininet" Name="43D1A55C-76D6-4f7e-995C-64C711E5CAFE" />
    <!-- Requested by Sean Bowles -->
    <EventProvider Id="Microsoft.Windows.DeviceManagement.MdmPostProcessEvaluator" Name="8F453BA5-F19E-531D-071B-72BA1C501406" />
    <EventProvider Id="Microsoft.Windows.DeviceManagement.EdpConfiguration" Name="6BE7190D-DBA0-5E9C-8B69-C5A9AED40FB9" />
</Profiles>
